timestamp,filename,word_count,tokens_used,status
2026-04-23 14:59:50,azure_security_01_entra_id_conditional_access_policies.md,626,0,SUCCESS
2026-04-23 14:59:50,azure_security_02_entra_id_mfa_setup_enforcement.md,668,0,SUCCESS
2026-04-23 14:59:50,azure_security_03_entra_id_privileged_identity_management.md,647,0,SUCCESS
2026-04-23 14:59:50,azure_security_04_entra_id_identity_protection_risk_polic.md,686,0,SUCCESS
2026-04-23 14:59:50,azure_security_05_entra_id_b2b_b2c_guest_access_NEEDS_REVIEW.md,253,0,WARNING_WC_253
2026-04-23 15:02:26,azure_security_01_entra_id_conditional_access_policies_c.txt,1042,0,SUCCESS
2026-04-23 15:02:45,azure_security_01_entra_id_multi-factor_authentication_m.txt,971,0,SUCCESS
2026-04-23 15:03:08,azure_security_01_entra_id_privileged_identity_managemen.txt,1004,0,SUCCESS
2026-04-23 15:03:22,azure_security_01_entra_id_identity_protection_risk_poli.txt,828,0,SUCCESS
2026-04-23 15:03:43,azure_security_01_entra_id_b2b_and_b2c_guest_access_secu.txt,1007,0,SUCCESS
2026-04-23 15:03:58,azure_security_01_entra_id_role-based_access_control_rba.txt,850,0,SUCCESS
2026-04-23 15:04:14,azure_security_01_entra_id_managed_identities_for_azure_.txt,885,0,SUCCESS
2026-04-23 15:04:32,azure_security_01_entra_id_service_principals_and_app_re.txt,983,0,SUCCESS
2026-04-23 15:04:52,azure_security_02_defender_cloud_microsoft_defender_for_.txt,1011,0,SUCCESS
2026-04-23 15:05:11,azure_security_02_defender_cloud_secure_score_optimizati.txt,1019,0,SUCCESS
2026-04-23 15:05:27,azure_security_02_defender_cloud_vulnerability_assessmen.txt,823,0,SUCCESS
2026-04-23 15:05:46,azure_security_02_defender_cloud_regulatory_compliance_d.txt,930,0,SUCCESS
2026-04-23 15:06:08,azure_security_02_defender_cloud_azure_security_benchmar.txt,1087,0,SUCCESS
2026-04-23 15:06:28,azure_security_02_defender_cloud_just-in-time_vm_access_.txt,938,0,SUCCESS
2026-04-23 15:06:44,azure_security_02_defender_cloud_adaptive_application_co.txt,892,0,SUCCESS
2026-04-23 15:07:05,azure_security_03_sentinel_kql_kql_query_writing_for_sec.txt,884,0,SUCCESS
2026-04-23 15:07:28,azure_security_03_sentinel_kql_kql_queries_for_signinlog.txt,936,0,SUCCESS
2026-04-23 15:07:47,azure_security_03_sentinel_kql_analytics_rule_creation_f.txt,910,0,SUCCESS
2026-04-23 15:08:05,azure_security_03_sentinel_kql_workbook_development_and_.txt,837,0,SUCCESS
2026-04-23 15:08:26,azure_security_03_sentinel_kql_incident_investigation_an.txt,858,0,SUCCESS
2026-04-23 15:08:47,azure_security_03_sentinel_kql_threat_hunting_with_kql.txt,891,0,SUCCESS
2026-04-23 15:09:06,azure_security_03_sentinel_kql_automation_playbooks_with.txt,951,0,SUCCESS
2026-04-23 15:09:25,azure_security_03_sentinel_kql_data_connector_configurat.txt,919,0,SUCCESS
2026-04-23 15:09:44,azure_security_04_networking_network_security_group_nsg_.txt,976,0,SUCCESS
2026-04-23 15:10:00,azure_security_04_networking_azure_firewall_policies_and.txt,870,0,SUCCESS
2026-04-23 15:10:16,azure_security_04_networking_private_endpoints_and_priva.txt,926,0,SUCCESS
2026-04-23 15:10:37,azure_security_04_networking_ddos_protection_standard_co.txt,1005,0,SUCCESS
2026-04-23 15:10:57,azure_security_04_networking_vnet_peering_security_consi.txt,1052,0,SUCCESS
2026-04-23 15:11:16,azure_security_04_networking_application_gateway_waf_pol.txt,1066,0,SUCCESS
2026-04-23 15:11:36,azure_security_04_networking_azure_bastion_secure_access.txt,1014,0,SUCCESS
2026-04-23 15:11:55,incident_response_01_ir_procedures_incident_preparation_.txt,1019,0,SUCCESS
2026-04-23 15:12:14,incident_response_01_ir_procedures_detection_and_analysi.txt,907,0,SUCCESS
2026-04-23 15:12:32,incident_response_01_ir_procedures_containment_strategie.txt,948,0,SUCCESS
2026-04-23 15:12:52,incident_response_01_ir_procedures_eradication_procedure.txt,960,0,SUCCESS
2026-04-23 15:13:11,incident_response_01_ir_procedures_recovery_steps_and_sy.txt,876,0,SUCCESS
2026-04-23 15:13:30,incident_response_01_ir_procedures_post-incident_review_.txt,904,0,SUCCESS
2026-04-23 15:13:51,incident_response_01_ir_procedures_ir_playbook_developme.txt,1001,0,SUCCESS
2026-04-23 15:14:10,incident_response_02_forensics_memory_forensics_with_vol.txt,936,0,SUCCESS
2026-04-23 15:14:30,incident_response_02_forensics_disk_forensics_and_eviden.txt,1019,0,SUCCESS
2026-04-23 15:14:51,incident_response_02_forensics_network_forensics_and_pac.txt,1007,0,SUCCESS
2026-04-23 15:15:14,incident_response_02_forensics_cloud_forensics_azure.txt,1072,0,SUCCESS
2026-04-23 15:15:32,incident_response_02_forensics_aws.txt,887,0,SUCCESS
2026-04-23 15:15:52,incident_response_02_forensics_log_analysis_for_incident.txt,966,0,SUCCESS
2026-04-23 15:16:12,incident_response_02_forensics_chain_of_custody_and_evid.txt,1083,0,SUCCESS
2026-04-23 15:16:30,incident_response_02_forensics_timeline_reconstruction_t.txt,871,0,SUCCESS
2026-04-23 15:16:50,mitre_attack_01_initial_access_t1566_phishing_detection_.txt,978,0,SUCCESS
2026-04-23 15:17:09,mitre_attack_01_initial_access_t1190_exploit_public-faci.txt,940,0,SUCCESS
2026-04-23 15:17:27,mitre_attack_01_initial_access_t1133_external_remote_ser.txt,927,0,SUCCESS
2026-04-23 15:17:46,mitre_attack_01_initial_access_t1078_valid_accounts_abus.txt,943,0,SUCCESS
2026-04-23 15:18:05,mitre_attack_01_initial_access_t1199_trusted_relationshi.txt,957,0,SUCCESS
2026-04-23 15:18:25,mitre_attack_02_execution_persistence_t1059_command_and_.txt,919,0,SUCCESS
2026-04-23 15:18:43,mitre_attack_02_execution_persistence_t1204_user_executi.txt,954,0,SUCCESS
2026-04-23 15:19:02,mitre_attack_02_execution_persistence_t1547_boot_or_logo.txt,886,0,SUCCESS
2026-04-23 15:19:28,mitre_attack_02_execution_persistence_t1546_event_trigge_NEEDS_REVIEW.txt,1220,0,WARNING_WC_1220
2026-04-23 15:19:51,mitre_attack_02_execution_persistence_t1053_scheduled_ta.txt,1073,0,SUCCESS
2026-04-23 15:20:07,mitre_attack_02_execution_persistence_t1098_account_mani.txt,795,0,SUCCESS
2026-04-23 15:20:26,mitre_attack_03_privilege_escalation_t1548_abuse_elevati.txt,868,0,SUCCESS
2026-04-23 15:20:48,mitre_attack_03_privilege_escalation_t1068_exploitation_.txt,957,0,SUCCESS
2026-04-23 15:21:07,mitre_attack_03_privilege_escalation_t1055_process_injec.txt,938,0,SUCCESS
2026-04-23 15:21:27,mitre_attack_03_privilege_escalation_t1574_hijack_execut.txt,1084,0,SUCCESS
2026-04-23 15:21:45,mitre_attack_03_privilege_escalation_t1550_use_alternate.txt,901,0,SUCCESS
2026-04-23 15:22:05,mitre_attack_04_defense_evasion_t1562_impair_defenses.txt,1002,0,SUCCESS
2026-04-23 15:22:26,mitre_attack_04_defense_evasion_t1218_system_binary_prox.txt,984,0,SUCCESS
2026-04-23 15:22:49,mitre_attack_04_defense_evasion_t1497_virtualizationsand.txt,980,0,SUCCESS
2026-04-23 15:23:10,mitre_attack_04_defense_evasion_t1036_masquerading.txt,906,0,SUCCESS
2026-04-23 15:23:31,mitre_attack_04_defense_evasion_t1070_indicator_removal.txt,996,0,SUCCESS
2026-04-23 15:23:51,windows_security_01_event_logs_security_event_ids_4624.txt,1045,0,SUCCESS
2026-04-23 15:24:12,windows_security_01_event_logs_4625.txt,1127,0,SUCCESS
2026-04-23 15:24:29,windows_security_01_event_logs_4648.txt,914,0,SUCCESS
2026-04-23 15:24:49,windows_security_01_event_logs_4672.txt,883,0,SUCCESS
2026-04-23 15:25:06,windows_security_01_event_logs_4720.txt,898,0,SUCCESS
2026-04-23 15:25:23,windows_security_01_event_logs_powershell_script_block_l.txt,858,0,SUCCESS
2026-04-23 15:25:43,windows_security_01_event_logs_sysmon_event_analysis_eve.txt,987,0,SUCCESS
2026-04-23 15:26:01,windows_security_01_event_logs_3.txt,979,0,SUCCESS
2026-04-23 15:26:18,windows_security_01_event_logs_7.txt,863,0,SUCCESS
2026-04-23 15:26:37,windows_security_01_event_logs_10.txt,888,0,SUCCESS
2026-04-23 15:26:54,windows_security_01_event_logs_11.txt,1010,0,SUCCESS
2026-04-23 15:27:13,windows_security_01_event_logs_windows_defender_logs.txt,919,0,SUCCESS
2026-04-23 15:27:32,windows_security_01_event_logs_log_correlation_for_later.txt,1029,0,SUCCESS
2026-04-23 15:27:52,windows_security_02_active_directory_active_directory_ha.txt,843,0,SUCCESS
2026-04-23 15:28:14,windows_security_02_active_directory_group_policy_object.txt,1135,0,SUCCESS
2026-04-23 15:28:39,windows_security_02_active_directory_kerberos_authentica_NEEDS_REVIEW.txt,1405,0,WARNING_WC_1405
2026-04-23 15:28:57,windows_security_02_active_directory_ldap_security_and_s.txt,958,0,SUCCESS
2026-04-23 15:29:14,windows_security_02_active_directory_domain_controller_p.txt,873,0,SUCCESS
2026-04-23 15:29:31,windows_security_03_endpoint_hardening_bitlocker_encrypt.txt,961,0,SUCCESS
2026-04-23 15:29:51,windows_security_03_endpoint_hardening_applocker_and_wda.txt,991,0,SUCCESS
2026-04-23 15:30:11,windows_security_03_endpoint_hardening_credential_guard_.txt,993,0,SUCCESS
2026-04-23 15:30:29,windows_security_03_endpoint_hardening_attack_surface_re.txt,875,0,SUCCESS
2026-04-23 15:30:47,aws_security_01_iam_iam_users.txt,905,0,SUCCESS
2026-04-23 15:31:03,aws_security_01_iam_groups.txt,861,0,SUCCESS
2026-04-23 15:31:20,aws_security_01_iam_and_roles_management.txt,898,0,SUCCESS
2026-04-23 15:31:39,aws_security_01_iam_iam_policies_identity-based_vs_resou.txt,977,0,SUCCESS
2026-04-23 15:31:54,aws_security_01_iam_aws_organizations_and_scps.txt,931,0,SUCCESS
2026-04-23 15:32:13,aws_security_01_iam_cross-account_access_patterns.txt,912,0,SUCCESS
2026-04-23 15:32:32,aws_security_01_iam_federation_and_sso.txt,953,0,SUCCESS
2026-04-23 15:32:47,aws_security_01_iam_iam_access_analyzer.txt,925,0,SUCCESS
2026-04-23 15:33:03,aws_security_02_security_services_aws_security_hub_confi.txt,929,0,SUCCESS
2026-04-23 15:33:19,aws_security_02_security_services_amazon_guardduty_threa.txt,773,0,SUCCESS
2026-04-23 15:33:37,aws_security_02_security_services_aws_cloudtrail_logging.txt,1005,0,SUCCESS
2026-04-23 15:33:52,aws_security_02_security_services_amazon_inspector_vulne.txt,890,0,SUCCESS
2026-04-23 15:34:08,aws_security_02_security_services_aws_config_compliance_.txt,868,0,SUCCESS
2026-04-23 15:34:25,aws_security_02_security_services_amazon_detective_inves.txt,1003,0,SUCCESS
2026-04-23 20:34:27,mitre_attack_02_execution_persistence_t1546_event_trigge.txt,1158,1877,SUCCESS
2026-04-23 20:35:11,aws_security_03_networking_vpc_security_groups_and_nacls.txt,1141,1621,SUCCESS
2026-04-23 20:35:31,aws_security_03_networking_aws_waf_and_shield.txt,893,1367,SUCCESS
2026-04-23 20:35:47,aws_security_03_networking_aws_network_firewall.txt,925,1275,SUCCESS
2026-04-23 20:36:04,aws_security_03_networking_vpc_flow_logs_analysis.txt,894,1272,SUCCESS
2026-04-23 20:36:22,aws_security_03_networking_transit_gateway_security.txt,932,1328,SUCCESS
2026-04-23 20:36:42,aws_security_04_data_protection_s3_bucket_security_and_p.txt,1023,1558,SUCCESS
2026-04-23 20:36:59,aws_security_04_data_protection_aws_kms_key_management.txt,989,1342,SUCCESS
2026-04-23 20:37:19,aws_security_04_data_protection_secrets_manager_and_para.txt,961,1387,SUCCESS
2026-04-23 20:37:35,aws_security_04_data_protection_rds_encryption_and_secur.txt,910,1189,SUCCESS
2026-04-23 20:37:54,aws_security_04_data_protection_dynamodb_security.txt,944,1394,SUCCESS
2026-04-23 20:38:12,aws_security_05_compute_ec2_instance_hardening.txt,964,1368,SUCCESS
2026-04-23 20:38:30,aws_security_05_compute_lambda_security_best_practices.txt,947,1424,SUCCESS
2026-04-23 20:38:48,aws_security_05_compute_ecseks_container_security.txt,927,1340,SUCCESS
2026-04-23 20:39:06,aws_security_05_compute_systems_manager_patch_management.txt,1001,1414,SUCCESS
2026-04-23 20:39:23,gcp_security_01_iam_cloud_iam_roles_and_bindings.txt,861,1252,SUCCESS
2026-04-23 20:39:42,gcp_security_01_iam_service_accounts_security.txt,908,1310,SUCCESS
2026-04-23 20:39:59,gcp_security_01_iam_organization_policies.txt,989,1342,SUCCESS
2026-04-23 20:40:16,gcp_security_01_iam_workload_identity_federation.txt,973,1260,SUCCESS
2026-04-23 20:40:33,gcp_security_02_security_services_security_command_cente.txt,917,1206,SUCCESS
2026-04-23 20:40:51,gcp_security_02_security_services_cloud_armor_waf.txt,1019,1420,SUCCESS
2026-04-23 20:41:06,gcp_security_02_security_services_binary_authorization.txt,856,1122,SUCCESS
2026-04-23 20:41:24,gcp_security_02_security_services_cloud_audit_logs.txt,976,1291,SUCCESS
2026-04-23 20:41:43,gcp_security_03_networking_vpc_firewall_rules.txt,954,1400,SUCCESS
2026-04-23 20:42:02,gcp_security_03_networking_cloud_nat_configuration.txt,897,1143,SUCCESS
2026-04-23 20:42:21,gcp_security_03_networking_private_google_access.txt,896,1225,SUCCESS
2026-04-23 20:42:42,gcp_security_04_data_protection_cloud_kms_encryption.txt,1031,1450,SUCCESS
2026-04-23 20:42:58,gcp_security_04_data_protection_cloud_storage_security.txt,782,1083,SUCCESS
2026-04-23 20:43:17,gcp_security_04_data_protection_bigquery_security.txt,911,1289,SUCCESS
2026-04-23 20:43:35,gcp_security_05_compute_gce_hardening.txt,910,1278,SUCCESS
2026-04-23 20:43:55,gcp_security_05_compute_gke_security_policies.txt,1118,1581,SUCCESS
2026-04-23 20:44:12,gcp_security_05_compute_cloud_run_security.txt,935,1235,SUCCESS
2026-04-23 20:44:31,nist_frameworks_01_nist_csf_identify_function_implementa.txt,977,1365,SUCCESS
2026-04-23 20:44:53,nist_frameworks_01_nist_csf_protect_function_controls.txt,964,1456,SUCCESS
2026-04-23 20:45:11,nist_frameworks_01_nist_csf_detect_function_monitoring.txt,978,1253,SUCCESS
2026-04-23 20:45:29,nist_frameworks_01_nist_csf_respond_function_procedures.txt,933,1279,SUCCESS
2026-04-23 20:45:50,nist_frameworks_01_nist_csf_recover_function_planning.txt,1091,1488,SUCCESS
2026-04-23 20:46:11,nist_frameworks_02_nist_800_53_access_control_family_ac.txt,963,1488,SUCCESS
2026-04-23 20:46:32,nist_frameworks_02_nist_800_53_audit_and_accountability_.txt,969,1392,SUCCESS
2026-04-23 20:46:53,nist_frameworks_02_nist_800_53_incident_response_ir.txt,1009,1470,SUCCESS
2026-04-23 20:47:12,nist_frameworks_02_nist_800_53_system_and_communications.txt,1019,1404,SUCCESS
2026-04-23 20:47:30,nist_frameworks_02_nist_800_53_system_and_information_in.txt,928,1340,SUCCESS
2026-04-23 20:47:46,nist_frameworks_03_nist_800_171_cui_protection_requireme.txt,921,1207,SUCCESS
2026-04-23 20:48:03,nist_frameworks_03_nist_800_171_dfars_compliance.txt,892,1276,SUCCESS
2026-04-23 20:48:22,nist_frameworks_04_rmf_risk_management_framework_steps.txt,989,1386,SUCCESS
2026-04-23 20:48:41,nist_frameworks_04_rmf_security_categorization.txt,986,1366,SUCCESS
2026-04-23 20:48:58,nist_frameworks_04_rmf_continuous_monitoring.txt,973,1312,SUCCESS
2026-04-23 20:49:16,compliance_general_01_iso_27001_annex_a_controls_impleme.txt,917,1285,SUCCESS
2026-04-23 20:49:33,compliance_general_01_iso_27001_risk_assessment_methodol.txt,956,1312,SUCCESS
2026-04-23 20:49:48,compliance_general_01_iso_27001_statement_of_applicabili.txt,784,1080,SUCCESS
2026-04-23 20:50:07,compliance_general_01_iso_27001_internal_audit_procedure.txt,937,1289,SUCCESS
2026-04-23 20:50:30,compliance_general_02_pci_dss_pci_dss_v4.0_requirements__NEEDS_REVIEW.txt,1206,1700,WARNING_WC_1206
2026-04-23 20:50:47,compliance_general_02_pci_dss_network_segmentation_for_p.txt,990,1299,SUCCESS
2026-04-23 20:51:09,compliance_general_02_pci_dss_encryption_requirements.txt,1054,1500,SUCCESS
2026-04-23 20:51:30,compliance_general_02_pci_dss_access_control_requirement_NEEDS_REVIEW.txt,1204,1589,WARNING_WC_1204
2026-04-23 20:51:50,compliance_general_03_hipaa_privacy_rule_requirements_NEEDS_REVIEW.txt,1245,1564,WARNING_WC_1245
2026-04-23 20:52:09,compliance_general_03_hipaa_security_rule_technical_safe.txt,969,1403,SUCCESS
2026-04-23 20:52:29,compliance_general_03_hipaa_breach_notification_procedur.txt,1172,1517,SUCCESS
2026-04-23 20:53:02,compliance_general_04_soc2_trust_service_criteria.txt,1118,1598,SUCCESS
2026-04-23 20:53:19,compliance_general_04_soc2_soc_2_type_ii_audit_preparati.txt,1042,1257,SUCCESS
2026-04-23 20:53:35,compliance_general_04_soc2_evidence_collection.txt,925,1256,SUCCESS
2026-04-23 20:53:52,compliance_general_05_gdpr_data_protection_principles_ar.txt,1011,1320,SUCCESS
2026-04-23 20:54:08,compliance_general_05_gdpr_security_measures_article_32.txt,947,1248,SUCCESS
2026-04-23 20:54:27,compliance_general_05_gdpr_breach_notification_article_3.txt,1112,1447,SUCCESS
2026-04-23 20:54:45,compliance_general_05_gdpr_data_subject_rights.txt,1079,1419,SUCCESS
2026-04-23 20:55:00,compliance_general_06_audit_compliance_audit_procedures.txt,866,1161,SUCCESS
2026-04-23 20:55:15,compliance_general_06_audit_gap_analysis_techniques.txt,871,1121,SUCCESS
2026-04-23 20:55:30,compliance_general_06_audit_evidence_collection_automati.txt,894,1197,SUCCESS
2026-04-23 20:55:46,compliance_general_06_audit_remediation_planning.txt,843,1184,SUCCESS
2026-04-23 20:56:01,network_security_01_firewalls_firewall_rule_management.txt,888,1160,SUCCESS
2026-04-23 20:56:18,network_security_01_firewalls_next-gen_firewall_features.txt,944,1305,SUCCESS
2026-04-23 20:56:38,network_security_01_firewalls_palo_alto_configuration.txt,1024,1485,SUCCESS
2026-04-23 20:57:08,network_security_02_ids_ips_snort_rule_writing_NEEDS_REVIEW.txt,1319,2500,WARNING_WC_1319
2026-04-23 20:57:28,network_security_02_ids_ips_suricata_configuration.txt,817,1427,SUCCESS
2026-04-23 20:57:45,network_security_02_ids_ips_alert_tuning_and_management.txt,977,1328,SUCCESS
2026-04-23 20:58:00,network_security_03_zero_trust_zero_trust_architecture_d.txt,826,1176,SUCCESS
2026-04-23 20:58:17,network_security_03_zero_trust_micro-segmentation.txt,852,1156,SUCCESS
2026-04-23 20:58:34,network_security_03_zero_trust_identity-based_access.txt,960,1265,SUCCESS
2026-04-23 20:58:52,network_security_04_vpn_ipsec_vpn_configuration.txt,932,1498,SUCCESS
2026-04-23 20:59:11,network_security_04_vpn_ssl_vpn_security.txt,948,1409,SUCCESS
2026-04-23 20:59:29,network_security_04_vpn_wireguard_setup.txt,924,1353,SUCCESS
2026-04-23 20:59:49,linux_security_01_hardening_cis_linux_benchmarks.txt,989,1526,SUCCESS
2026-04-23 21:00:09,linux_security_01_hardening_selinux_and_apparmor.txt,870,1506,SUCCESS
2026-04-23 21:00:30,linux_security_01_hardening_ssh_hardening.txt,870,1539,SUCCESS
2026-04-23 21:00:50,linux_security_01_hardening_kernel_parameters_security.txt,833,1463,SUCCESS
2026-04-23 21:01:10,linux_security_02_logging_syslog_analysis.txt,994,1484,SUCCESS
2026-04-23 21:01:30,linux_security_02_logging_auditd_configuration.txt,813,1506,SUCCESS
2026-04-23 21:01:49,linux_security_02_logging_siem_integration.txt,1047,1510,SUCCESS
2026-04-23 21:02:06,linux_security_03_package_security_repository_signing_ve.txt,932,1304,SUCCESS
2026-04-23 21:02:23,linux_security_03_package_security_vulnerability_scannin.txt,869,1212,SUCCESS
2026-04-23 21:02:39,linux_security_03_package_security_patch_management.txt,924,1274,SUCCESS
2026-04-23 21:03:02,linux_security_04_network_iptables_and_nftables.txt,1008,1846,SUCCESS
2026-04-23 21:03:22,linux_security_04_network_tcp_wrappers.txt,942,1563,SUCCESS
2026-04-23 21:03:38,linux_security_04_network_port_security.txt,905,1202,SUCCESS
2026-04-23 21:03:59,siem_platforms_01_splunk_spl_query_writing.txt,1038,1640,SUCCESS
2026-04-23 21:04:16,siem_platforms_01_splunk_dashboard_and_report_creation.txt,962,1355,SUCCESS
2026-04-23 21:04:34,siem_platforms_01_splunk_alert_and_correlation_rules.txt,929,1283,SUCCESS
2026-04-23 21:04:54,siem_platforms_01_splunk_data_onboarding.txt,989,1493,SUCCESS
2026-04-23 21:05:12,siem_platforms_01_splunk_enterprise_security_content.txt,972,1388,SUCCESS
2026-04-23 21:05:31,siem_platforms_02_qradar_qradar_offense_management.txt,1083,1395,SUCCESS
2026-04-23 21:05:50,siem_platforms_02_qradar_aql_queries.txt,945,1417,SUCCESS
2026-04-23 21:06:07,siem_platforms_02_qradar_log_source_configuration.txt,909,1271,SUCCESS
2026-04-23 21:06:27,siem_platforms_03_edr_xdr_crowdstrike_falcon_queries_rap.txt,904,1447,SUCCESS
2026-04-23 21:06:44,siem_platforms_03_edr_xdr_microsoft_defender_for_endpoin.txt,908,1258,SUCCESS
2026-04-23 21:06:59,siem_platforms_03_edr_xdr_carbon_black_response.txt,798,1054,SUCCESS
2026-04-23 21:07:17,siem_platforms_03_edr_xdr_sentinelone_deep_visibility.txt,994,1372,SUCCESS
2026-04-23 21:07:34,siem_platforms_03_edr_xdr_edr_alert_investigation.txt,845,1265,SUCCESS
2026-04-23 21:07:52,vulnerability_management_01_scanning_nessus_scan_configu.txt,895,1298,SUCCESS
2026-04-23 21:08:10,vulnerability_management_01_scanning_qualys_vulnerabilit.txt,928,1314,SUCCESS
2026-04-23 21:08:30,vulnerability_management_01_scanning_openvas_setup_and_s.txt,927,1428,SUCCESS
2026-04-23 21:08:48,vulnerability_management_02_patch_management_windows_pat.txt,956,1331,SUCCESS
2026-04-23 21:09:08,vulnerability_management_02_patch_management_linux_patch.txt,1052,1531,SUCCESS
2026-04-23 21:09:28,vulnerability_management_02_patch_management_application.txt,1033,1470,SUCCESS
2026-04-23 21:09:47,vulnerability_management_02_patch_management_patch_prior.txt,1008,1441,SUCCESS
2026-04-23 21:10:09,vulnerability_management_03_cve_analysis_cvss_scoring_in.txt,1017,1587,SUCCESS
2026-04-23 21:10:26,vulnerability_management_03_cve_analysis_exploit_availab.txt,893,1248,SUCCESS
2026-04-23 21:10:44,vulnerability_management_03_cve_analysis_risk-based_prio.txt,896,1353,SUCCESS
2026-04-23 21:11:00,vulnerability_management_04_security_testing_penetration.txt,909,1201,SUCCESS
2026-04-23 21:11:18,vulnerability_management_04_security_testing_web_applica.txt,990,1336,SUCCESS
2026-04-23 21:11:34,vulnerability_management_04_security_testing_api_securit.txt,878,1174,SUCCESS
2026-04-23 21:11:53,application_security_01_web_security_owasp_top_10_vulner.txt,1117,1498,SUCCESS
2026-04-23 21:12:11,application_security_01_web_security_sql_injection_preve.txt,1059,1393,SUCCESS
2026-04-23 21:12:31,application_security_01_web_security_xss_and_csrf_protec.txt,997,1517,SUCCESS
2026-04-23 21:12:50,application_security_01_web_security_authentication_flaw.txt,979,1367,SUCCESS
2026-04-23 21:13:09,application_security_01_web_security_server-side_request.txt,918,1388,SUCCESS
2026-04-23 21:13:26,application_security_02_api_security_rest_api_security.txt,912,1246,SUCCESS
2026-04-23 21:13:47,application_security_02_api_security_oauth_2.0_and_openi.txt,1123,1540,SUCCESS
2026-04-23 21:14:04,application_security_02_api_security_jwt_security.txt,875,1227,SUCCESS
2026-04-23 21:14:25,application_security_02_api_security_api_gateway_configu.txt,1000,1412,SUCCESS
2026-04-23 21:14:44,application_security_02_api_security_graphql_security.txt,1033,1353,SUCCESS
2026-04-23 21:15:04,application_security_03_devsecops_cicd_pipeline_security.txt,942,1324,SUCCESS
2026-04-23 21:15:24,application_security_03_devsecops_container_image_scanni.txt,937,1419,SUCCESS
2026-04-23 21:15:44,application_security_03_devsecops_iac_security_terraform.txt,975,1420,SUCCESS
2026-04-23 21:16:02,application_security_03_devsecops_bicep.txt,924,1297,SUCCESS
2026-04-23 21:16:19,application_security_03_devsecops_secret_management.txt,930,1260,SUCCESS
2026-04-23 21:16:39,application_security_03_devsecops_sast_and_dast_integrat.txt,1041,1407,SUCCESS
2026-04-23 21:17:04,malware_analysis_01_static_analysis_pe_file_analysis.txt,1072,1713,SUCCESS
2026-04-23 21:17:23,malware_analysis_01_static_analysis_string_analysis.txt,939,1332,SUCCESS
2026-04-23 21:17:45,malware_analysis_01_static_analysis_importexport_analysi.txt,986,1504,SUCCESS
2026-04-23 21:18:03,malware_analysis_01_static_analysis_yara_rule_writing.txt,757,1236,SUCCESS
2026-04-23 21:18:24,malware_analysis_02_dynamic_analysis_sandbox_analysis.txt,1023,1468,SUCCESS
2026-04-23 21:18:43,malware_analysis_02_dynamic_analysis_process_monitoring.txt,912,1325,SUCCESS
2026-04-23 21:19:02,malware_analysis_02_dynamic_analysis_network_traffic_ana.txt,935,1273,SUCCESS
2026-04-23 21:19:21,malware_analysis_02_dynamic_analysis_registry_changes.txt,836,1354,SUCCESS
2026-04-23 21:19:39,malware_analysis_03_reverse_engineering_ghidra_usage.txt,833,1212,SUCCESS
2026-04-23 21:19:57,malware_analysis_03_reverse_engineering_ida_pro_basics.txt,936,1309,SUCCESS
2026-04-23 21:20:19,malware_analysis_03_reverse_engineering_assembly_languag.txt,935,1491,SUCCESS
2026-04-23 21:20:40,malware_analysis_03_reverse_engineering_unpacking_techni.txt,977,1386,SUCCESS
2026-04-23 21:21:00,emerging_tech_01_zero_trust_architecture_zero_trust_prin.txt,977,1369,SUCCESS
2026-04-23 21:21:22,emerging_tech_01_zero_trust_architecture_identity_verifi.txt,1022,1392,SUCCESS
2026-04-23 21:21:41,emerging_tech_01_zero_trust_architecture_device_trust_as.txt,908,1252,SUCCESS
2026-04-23 21:22:03,emerging_tech_01_zero_trust_architecture_micro-segmentat.txt,1102,1434,SUCCESS
2026-04-23 21:22:23,emerging_tech_02_cloud_native_serverless_security_concer.txt,1018,1354,SUCCESS
2026-04-23 21:22:43,emerging_tech_02_cloud_native_service_mesh_security_isti.txt,877,1344,SUCCESS
2026-04-23 21:23:00,emerging_tech_02_cloud_native_cnapp_platforms.txt,827,1225,SUCCESS
2026-04-23 21:23:18,emerging_tech_02_cloud_native_microservices_security_pat.txt,918,1296,SUCCESS
2026-04-23 21:23:36,emerging_tech_03_ai_security_aiml_model_security.txt,874,1147,SUCCESS
2026-04-23 21:23:53,emerging_tech_03_ai_security_adversarial_attacks_on_ml_m.txt,919,1186,SUCCESS
2026-04-23 21:24:12,emerging_tech_03_ai_security_llm_security_considerations.txt,929,1228,SUCCESS
2026-04-23 21:24:29,emerging_tech_03_ai_security_ai_in_cybersecurity_operati.txt,899,1221,SUCCESS
2026-04-23 21:24:50,emerging_tech_04_iot_ot_industrial_control_systems_secur.txt,987,1376,SUCCESS
2026-04-23 21:25:11,emerging_tech_04_iot_ot_scadaics_protocols.txt,902,1384,SUCCESS
2026-04-23 21:25:33,emerging_tech_04_iot_ot_iot_device_hardening.txt,894,1313,SUCCESS
2026-04-23 21:26:00,emerging_tech_04_iot_ot_ot_network_segmentation.txt,1169,1579,SUCCESS
2026-04-23 21:26:20,application_security_04_bitbucket_bitbucket_repository_a.txt,1015,1280,SUCCESS
2026-04-23 21:26:41,application_security_04_bitbucket_bitbucket_branch_restr.txt,925,1336,SUCCESS
2026-04-23 21:27:04,application_security_04_bitbucket_bitbucket_cicd_securit.txt,1106,1494,SUCCESS
2026-04-23 21:27:23,application_security_04_bitbucket_bitbucket_audit_loggin.txt,874,1252,SUCCESS
2026-04-23 21:27:43,application_security_04_bitbucket_bitbucket_integration_.txt,872,1221,SUCCESS
2026-06-17 23:41:24,windows_security_02_active_directory_kerberos_authentica.txt,1064,1539,SUCCESS
2026-06-17 23:42:11,compliance_general_02_pci_dss_access_control_requirement.txt,1025,1347,SUCCESS
2026-06-17 23:42:47,network_security_02_ids_ips_snort_rule_writing.txt,870,1428,SUCCESS
2026-06-18 18:06:07,compliance_general_03_hipaa_privacy_rule_requirements.txt,1155,1482,SUCCESS
